<ImportExportXml version="9.2.25044.200" SolutionPackageVersion="9.2" languagecode="1033" generatedBy="CrmLive" xmlns:xsi="http://www.w3.org/2001/XMLSchema-instance" OrganizationVersion="9.2.25044.200" OrganizationSchemaType="Standard" CRMServerServiceabilityVersion="9.2.25044.00200">
  <SolutionManifest>
    <UniqueName>NextApprover</UniqueName>
    <LocalizedNames>
      <LocalizedName description="NextApprover" languagecode="1033" />
    </LocalizedNames>
    <Descriptions>
      <Description description="Upgrade of NextApproverOff" languagecode="1033" />
    </Descriptions>
    <Version>1.4.0.1</Version>
    <Managed>1</Managed>
    <Publisher>
      <UniqueName>Cr38c7d</UniqueName>
      <LocalizedNames>
        <LocalizedName description="CDS Default Publisher" languagecode="1033" />
      </LocalizedNames>
      <Descriptions />
      <EMailAddress xsi:nil="true"></EMailAddress>
      <SupportingWebsiteUrl xsi:nil="true"></SupportingWebsiteUrl>
      <CustomizationPrefix>crc69</CustomizationPrefix>
      <CustomizationOptionValuePrefix>82640</CustomizationOptionValuePrefix>
      <Addresses>
        <Address>
          <AddressNumber>1</AddressNumber>
          <AddressTypeCode xsi:nil="true"></AddressTypeCode>
          <City xsi:nil="true"></City>
          <County xsi:nil="true"></County>
          <Country xsi:nil="true"></Country>
          <Fax xsi:nil="true"></Fax>
          <FreightTermsCode xsi:nil="true"></FreightTermsCode>
          <ImportSequenceNumber xsi:nil="true"></ImportSequenceNumber>
          <Latitude xsi:nil="true"></Latitude>
          <Line1 xsi:nil="true"></Line1>
          <Line2 xsi:nil="true"></Line2>
          <Line3 xsi:nil="true"></Line3>
          <Longitude xsi:nil="true"></Longitude>
          <Name xsi:nil="true"></Name>
          <PostalCode xsi:nil="true"></PostalCode>
          <PostOfficeBox xsi:nil="true"></PostOfficeBox>
          <PrimaryContactName xsi:nil="true"></PrimaryContactName>
          <ShippingMethodCode xsi:nil="true"></ShippingMethodCode>
          <StateOrProvince xsi:nil="true"></StateOrProvince>
          <Telephone1 xsi:nil="true"></Telephone1>
          <Telephone2 xsi:nil="true"></Telephone2>
          <Telephone3 xsi:nil="true"></Telephone3>
          <TimeZoneRuleVersionNumber xsi:nil="true"></TimeZoneRuleVersionNumber>
          <UPSZone xsi:nil="true"></UPSZone>
          <UTCOffset xsi:nil="true"></UTCOffset>
          <UTCConversionTimeZoneCode xsi:nil="true"></UTCConversionTimeZoneCode>
        </Address>
        <Address>
          <AddressNumber>2</AddressNumber>
          <AddressTypeCode xsi:nil="true"></AddressTypeCode>
          <City xsi:nil="true"></City>
          <County xsi:nil="true"></County>
          <Country xsi:nil="true"></Country>
          <Fax xsi:nil="true"></Fax>
          <FreightTermsCode xsi:nil="true"></FreightTermsCode>
          <ImportSequenceNumber xsi:nil="true"></ImportSequenceNumber>
          <Latitude xsi:nil="true"></Latitude>
          <Line1 xsi:nil="true"></Line1>
          <Line2 xsi:nil="true"></Line2>
          <Line3 xsi:nil="true"></Line3>
          <Longitude xsi:nil="true"></Longitude>
          <Name xsi:nil="true"></Name>
          <PostalCode xsi:nil="true"></PostalCode>
          <PostOfficeBox xsi:nil="true"></PostOfficeBox>
          <PrimaryContactName xsi:nil="true"></PrimaryContactName>
          <ShippingMethodCode xsi:nil="true"></ShippingMethodCode>
          <StateOrProvince xsi:nil="true"></StateOrProvince>
          <Telephone1 xsi:nil="true"></Telephone1>
          <Telephone2 xsi:nil="true"></Telephone2>
          <Telephone3 xsi:nil="true"></Telephone3>
          <TimeZoneRuleVersionNumber xsi:nil="true"></TimeZoneRuleVersionNumber>
          <UPSZone xsi:nil="true"></UPSZone>
          <UTCOffset xsi:nil="true"></UTCOffset>
          <UTCConversionTimeZoneCode xsi:nil="true"></UTCConversionTimeZoneCode>
        </Address>
      </Addresses>
    </Publisher>
    <RootComponents>
      <RootComponent type="1" schemaName="crc69_systemsresponsiblescatalog" behavior="0" />
      <RootComponent type="29" id="{33b5da25-231a-f011-998a-7c1e521faac3}" behavior="0" />
      <RootComponent type="29" id="{6336a99e-8435-f011-8c4e-7c1e521faac3}" behavior="0" />
      <RootComponent type="29" id="{8b864856-0b2c-f011-8c4e-7c1e521faac3}" behavior="0" />
      <RootComponent type="29" id="{d13019e0-c51a-f011-998a-7c1e521faac3}" behavior="0" />
      <RootComponent type="29" id="{febcd012-f80e-f011-998a-7c1e521faac3}" behavior="0" />
      <RootComponent type="300" schemaName="crc69_nextapprover_b196d" behavior="0" />
    </RootComponents>
    <MissingDependencies>
      <MissingDependency>
        <Required type="2" schemaName="msdyn_subject" displayName="Project Task Name" parentSchemaName="msdyn_projecttask" parentDisplayName="Project Task" solution="msdyn_ProjectServiceCore (1.0.0.87)">
          <package appName="Project Service Core" version="1.0.140.653">msdyn_ProjectServiceCore_Anchor (1.0.140.653)</package>
        </Required>
        <Dependent type="10" schemaName="crc69_systemsresponsiblescatalog_teste_msdyn_projecttask" displayName="crc69_systemsresponsiblescatalog_teste_msdyn_projecttask" parentSchemaName="msdyn_projecttask" parentDisplayName="Project Task" />
      </MissingDependency>
    </MissingDependencies>
  </SolutionManifest>
</ImportExportXml>