{
  "properties": {
    "connectionReferences": {
      "shared_sharepointonline": {
        "runtimeSource": "embedded",
        "connection": {
          "connectionReferenceLogicalName": "crc69_sharedsharepointonline_d9728"
        },
        "api": {
          "name": "shared_sharepointonline"
        }
      },
      "shared_commondataserviceforapps": {
        "runtimeSource": "embedded",
        "connection": {
          "connectionReferenceLogicalName": "crc69_sharedcommondataserviceforapps_5bf55"
        },
        "api": {
          "name": "shared_commondataserviceforapps"
        }
      }
    },
    "definition": {
      "$schema": "https://schema.management.azure.com/providers/Microsoft.Logic/schemas/2016-06-01/workflowdefinition.json#",
      "contentVersion": "undefined",
      "parameters": {
        "$connections": {
          "defaultValue": {},
          "type": "Object"
        },
        "$authentication": {
          "defaultValue": {},
          "type": "SecureObject"
        }
      },
      "triggers": {
        "Recurrence": {
          "recurrence": {
            "frequency": "Week",
            "interval": 1,
            "timeZone": "E. South America Standard Time",
            "startTime": "2025-04-14T13:00:00Z",
            "schedule": {
              "weekDays": [
                "Monday"
              ],
              "hours": [
                "5"
              ]
            }
          },
          "metadata": {
            "operationMetadataId": "22d0f341-e644-4637-85e1-e21be1b8f3fa"
          },
          "type": "Recurrence"
        }
      },
      "actions": {
        "Terminate": {
          "runAfter": {
            "Compose_1": [
              "Succeeded"
            ]
          },
          "metadata": {
            "operationMetadataId": "bdfb0331-3b9f-480e-81be-75adb2aabb1f"
          },
          "type": "Terminate",
          "inputs": {
            "runStatus": "Succeeded"
          }
        },
        "Variavel_Pessoas": {
          "runAfter": {
            "Get_items": [
              "Succeeded"
            ]
          },
          "metadata": {
            "operationMetadataId": "6b93fdcb-245a-45e1-a31d-368466d450a2"
          },
          "type": "InitializeVariable",
          "inputs": {
            "variables": [
              {
                "name": "varListaPessoas",
                "type": "array",
                "value": []
              }
            ]
          }
        },
        "Variavel_Pessoas_Inativas": {
          "runAfter": {
            "Variavel_Pessoas": [
              "Succeeded"
            ]
          },
          "metadata": {
            "operationMetadataId": "1d6adbf5-1577-44b8-a9de-a227f4f5ab05"
          },
          "type": "InitializeVariable",
          "inputs": {
            "variables": [
              {
                "name": "VarPessoasInativas",
                "type": "array",
                "value": []
              }
            ]
          }
        },
        "For_Each_": {
          "foreach": "@outputs('List_rows')?['body/value']",
          "actions": {
            "If_ApplicationOwner": {
              "actions": {
                "Try_6": {
                  "actions": {
                    "Apply_to_each": {
                      "foreach": "@outputs('Get_items')?['body/value']",
                      "actions": {
                        "Create_item": {
                          "runAfter": {},
                          "metadata": {
                            "operationMetadataId": "dd32a0f0-386a-4000-959b-1ffc767e7b37"
                          },
                          "type": "OpenApiConnection",
                          "inputs": {
                            "host": {
                              "connectionName": "shared_sharepointonline",
                              "operationId": "PostItem",
                              "apiId": "/providers/Microsoft.PowerApps/apis/shared_sharepointonline"
                            },
                            "parameters": {
                              "dataset": "https://prysmiangroup.sharepoint.com/sites/applications_la/PROD/catalog",
                              "table": "261698b1-6286-402d-bf54-c7c622bafd4a",
                              "item/User/Claims": "@items('For_Each_')?['crc69_respons_x00e1_velpeloprocesso']"
                            },
                            "authentication": "@parameters('$authentication')"
                          }
                        }
                      },
                      "runAfter": {},
                      "metadata": {
                        "operationMetadataId": "8d962bca-f96e-4994-8859-39816c1d050f"
                      },
                      "type": "Foreach"
                    }
                  },
                  "runAfter": {},
                  "metadata": {
                    "operationMetadataId": "8b254cf9-7a97-4431-bc95-20f77dcc191d"
                  },
                  "type": "Scope"
                },
                "Catch_6": {
                  "actions": {
                    "Condition_7": {
                      "actions": {
                        "Compose": {
                          "runAfter": {
                            "Create_item_11": [
                              "Succeeded"
                            ]
                          },
                          "metadata": {
                            "operationMetadataId": "0c936708-7381-4ac0-a4f0-289ab8d9d8b8"
                          },
                          "type": "Compose",
                          "inputs": {
                            "PessoasVerificadas": "@variables('varListaPessoas')",
                            "PessoasInativas": "@variables('varPessoasInativas')"
                          }
                        },
                        "Append_to_array_variable_3": {
                          "runAfter": {},
                          "metadata": {
                            "operationMetadataId": "9af71308-a44e-4a96-b044-0cad60b7feac"
                          },
                          "type": "AppendToArrayVariable",
                          "inputs": {
                            "name": "VarPessoasInativas",
                            "value": "@items('For_Each_')?['crc69_respons_x00e1_velpeloprocesso']"
                          }
                        },
                        "Create_item_11": {
                          "runAfter": {
                            "Append_to_array_variable_3": [
                              "Succeeded"
                            ]
                          },
                          "metadata": {
                            "operationMetadataId": "6da93b6c-12c2-4b63-aef8-05acf3867150"
                          },
                          "type": "OpenApiConnection",
                          "inputs": {
                            "host": {
                              "connectionName": "shared_sharepointonline",
                              "operationId": "PostItem",
                              "apiId": "/providers/Microsoft.PowerApps/apis/shared_sharepointonline"
                            },
                            "parameters": {
                              "dataset": "https://prysmiangroup.sharepoint.com/sites/applications_la/PROD/catalog",
                              "table": "261698b1-6286-402d-bf54-c7c622bafd4a",
                              "item/Email": "@items('For_Each_')?['crc69_respons_x00e1_velpeloprocesso']",
                              "item/Responsabilidade": "Application Owner"
                            },
                            "authentication": "@parameters('$authentication')"
                          }
                        }
                      },
                      "runAfter": {},
                      "expression": {
                        "not": {
                          "contains": [
                            "@variables('VarPessoasInativas')",
                            "@items('For_Each_')?['crc69_respons_x00e1_velpeloprocesso']"
                          ]
                        }
                      },
                      "metadata": {
                        "operationMetadataId": "dcb19f7c-a81f-49db-a9bc-73c2cb159a10"
                      },
                      "type": "If"
                    }
                  },
                  "runAfter": {
                    "Try_6": [
                      "Skipped",
                      "TimedOut",
                      "Failed"
                    ]
                  },
                  "metadata": {
                    "operationMetadataId": "d582d4da-e1f4-41ae-b8f0-58979cf55792"
                  },
                  "type": "Scope"
                }
              },
              "runAfter": {},
              "expression": {
                "not": {
                  "contains": [
                    "@variables('varListaPessoas')",
                    "@items('For_Each_')?['crc69_respons_x00e1_velpeloprocesso']"
                  ]
                }
              },
              "metadata": {
                "operationMetadataId": "b14d6c8d-896d-486d-9f39-406bee867c99"
              },
              "type": "If"
            },
            "If_AccessApprover": {
              "actions": {
                "Try_7": {
                  "actions": {
                    "Create_item_12": {
                      "runAfter": {},
                      "metadata": {
                        "operationMetadataId": "e0d29abe-66ec-4ccc-a75e-0a0495dc14d3"
                      },
                      "type": "OpenApiConnection",
                      "inputs": {
                        "host": {
                          "connectionName": "shared_sharepointonline",
                          "operationId": "PostItem",
                          "apiId": "/providers/Microsoft.PowerApps/apis/shared_sharepointonline"
                        },
                        "parameters": {
                          "dataset": "https://prysmiangroup.sharepoint.com/sites/applications_la/PROD/catalog",
                          "table": "261698b1-6286-402d-bf54-c7c622bafd4a",
                          "item/User/Claims": "@items('For_Each_')?['crc69_authorizationowner']"
                        },
                        "authentication": "@parameters('$authentication')"
                      }
                    }
                  },
                  "runAfter": {},
                  "metadata": {
                    "operationMetadataId": "8b254cf9-7a97-4431-bc95-20f77dcc191d"
                  },
                  "type": "Scope"
                },
                "Catch_7": {
                  "actions": {
                    "Condition_6": {
                      "actions": {
                        "Append_to_array_variable_7": {
                          "runAfter": {},
                          "metadata": {
                            "operationMetadataId": "9af71308-a44e-4a96-b044-0cad60b7feac"
                          },
                          "type": "AppendToArrayVariable",
                          "inputs": {
                            "name": "VarPessoasInativas",
                            "value": "@items('For_Each_')?['crc69_authorizationowner']"
                          }
                        },
                        "Compose_2": {
                          "runAfter": {
                            "Create_item_13": [
                              "Succeeded"
                            ]
                          },
                          "metadata": {
                            "operationMetadataId": "0c936708-7381-4ac0-a4f0-289ab8d9d8b8"
                          },
                          "type": "Compose",
                          "inputs": {
                            "PessoasVerificadas": "@variables('varListaPessoas')",
                            "PessoasInativas": "@variables('varPessoasInativas')"
                          }
                        },
                        "Create_item_13": {
                          "runAfter": {
                            "Append_to_array_variable_7": [
                              "Succeeded"
                            ]
                          },
                          "metadata": {
                            "operationMetadataId": "6da93b6c-12c2-4b63-aef8-05acf3867150"
                          },
                          "type": "OpenApiConnection",
                          "inputs": {
                            "host": {
                              "connectionName": "shared_sharepointonline",
                              "operationId": "PostItem",
                              "apiId": "/providers/Microsoft.PowerApps/apis/shared_sharepointonline"
                            },
                            "parameters": {
                              "dataset": "https://prysmiangroup.sharepoint.com/sites/applications_la/PROD/catalog",
                              "table": "261698b1-6286-402d-bf54-c7c622bafd4a",
                              "item/Email": "@items('For_Each_')?['crc69_authorizationowner']",
                              "item/Responsabilidade": "Access Approver"
                            },
                            "authentication": "@parameters('$authentication')"
                          }
                        }
                      },
                      "runAfter": {},
                      "expression": {
                        "not": {
                          "contains": [
                            "@variables('VarPessoasInativas')",
                            "@items('For_Each_')?['crc69_authorizationowner']"
                          ]
                        }
                      },
                      "metadata": {
                        "operationMetadataId": "dcb19f7c-a81f-49db-a9bc-73c2cb159a10"
                      },
                      "type": "If"
                    }
                  },
                  "runAfter": {
                    "Try_7": [
                      "TimedOut",
                      "Failed",
                      "Skipped"
                    ]
                  },
                  "metadata": {
                    "operationMetadataId": "d582d4da-e1f4-41ae-b8f0-58979cf55792"
                  },
                  "type": "Scope"
                }
              },
              "runAfter": {
                "If_ApplicationOwner": [
                  "Succeeded"
                ]
              },
              "expression": {
                "not": {
                  "contains": [
                    "@variables('varListaPessoas')",
                    "@items('For_Each_')?['crc69_authorizationowner']"
                  ]
                }
              },
              "metadata": {
                "operationMetadataId": "b14d6c8d-896d-486d-9f39-406bee867c99"
              },
              "type": "If"
            },
            "If_DigitalChampion": {
              "actions": {
                "Try_8": {
                  "actions": {
                    "Create_item_14": {
                      "runAfter": {},
                      "metadata": {
                        "operationMetadataId": "e0d29abe-66ec-4ccc-a75e-0a0495dc14d3"
                      },
                      "type": "OpenApiConnection",
                      "inputs": {
                        "host": {
                          "connectionName": "shared_sharepointonline",
                          "operationId": "PostItem",
                          "apiId": "/providers/Microsoft.PowerApps/apis/shared_sharepointonline"
                        },
                        "parameters": {
                          "dataset": "https://prysmiangroup.sharepoint.com/sites/applications_la/PROD/catalog",
                          "table": "261698b1-6286-402d-bf54-c7c622bafd4a",
                          "item/User/Claims": "@items('For_Each_')?['crc69_keyuser']"
                        },
                        "authentication": "@parameters('$authentication')"
                      }
                    }
                  },
                  "runAfter": {},
                  "metadata": {
                    "operationMetadataId": "8b254cf9-7a97-4431-bc95-20f77dcc191d"
                  },
                  "type": "Scope"
                },
                "Catch_8": {
                  "actions": {
                    "Condition_8": {
                      "actions": {
                        "Append_to_array_variable_8": {
                          "runAfter": {},
                          "metadata": {
                            "operationMetadataId": "9af71308-a44e-4a96-b044-0cad60b7feac"
                          },
                          "type": "AppendToArrayVariable",
                          "inputs": {
                            "name": "VarPessoasInativas",
                            "value": "@items('For_Each_')?['crc69_keyuser']"
                          }
                        },
                        "Create_item_15": {
                          "runAfter": {
                            "Append_to_array_variable_8": [
                              "Succeeded"
                            ]
                          },
                          "metadata": {
                            "operationMetadataId": "6da93b6c-12c2-4b63-aef8-05acf3867150"
                          },
                          "type": "OpenApiConnection",
                          "inputs": {
                            "host": {
                              "connectionName": "shared_sharepointonline",
                              "operationId": "PostItem",
                              "apiId": "/providers/Microsoft.PowerApps/apis/shared_sharepointonline"
                            },
                            "parameters": {
                              "dataset": "https://prysmiangroup.sharepoint.com/sites/applications_la/PROD/catalog",
                              "table": "261698b1-6286-402d-bf54-c7c622bafd4a",
                              "item/Email": "@items('For_Each_')?['crc69_keyuser']",
                              "item/Responsabilidade": "Digital Champion"
                            },
                            "authentication": "@parameters('$authentication')"
                          }
                        },
                        "Compose_3": {
                          "runAfter": {
                            "Create_item_15": [
                              "Succeeded"
                            ]
                          },
                          "metadata": {
                            "operationMetadataId": "0c936708-7381-4ac0-a4f0-289ab8d9d8b8"
                          },
                          "type": "Compose",
                          "inputs": {
                            "PessoasVerificadas": "@variables('varListaPessoas')",
                            "PessoasInativas": "@variables('varPessoasInativas')"
                          }
                        }
                      },
                      "runAfter": {},
                      "expression": {
                        "not": {
                          "contains": [
                            "@variables('VarPessoasInativas')",
                            "@items('For_Each_')?['crc69_keyuser']"
                          ]
                        }
                      },
                      "metadata": {
                        "operationMetadataId": "dcb19f7c-a81f-49db-a9bc-73c2cb159a10"
                      },
                      "type": "If"
                    }
                  },
                  "runAfter": {
                    "Try_8": [
                      "TimedOut",
                      "Failed",
                      "Skipped"
                    ]
                  },
                  "metadata": {
                    "operationMetadataId": "d582d4da-e1f4-41ae-b8f0-58979cf55792"
                  },
                  "type": "Scope"
                }
              },
              "runAfter": {
                "If_AccessApprover": [
                  "Succeeded"
                ]
              },
              "expression": {
                "not": {
                  "contains": [
                    "@variables('varListaPessoas')",
                    "@items('For_Each_')?['crc69_keyuser']"
                  ]
                }
              },
              "metadata": {
                "operationMetadataId": "b14d6c8d-896d-486d-9f39-406bee867c99"
              },
              "type": "If"
            },
            "If_IT_Referent_": {
              "actions": {
                "Try_9": {
                  "actions": {
                    "Create_item_16": {
                      "runAfter": {},
                      "metadata": {
                        "operationMetadataId": "e0d29abe-66ec-4ccc-a75e-0a0495dc14d3"
                      },
                      "type": "OpenApiConnection",
                      "inputs": {
                        "host": {
                          "connectionName": "shared_sharepointonline",
                          "operationId": "PostItem",
                          "apiId": "/providers/Microsoft.PowerApps/apis/shared_sharepointonline"
                        },
                        "parameters": {
                          "dataset": "https://prysmiangroup.sharepoint.com/sites/applications_la/PROD/catalog",
                          "table": "261698b1-6286-402d-bf54-c7c622bafd4a",
                          "item/User/Claims": "@items('For_Each_')?['crc69_respons_x00e1_velti']"
                        },
                        "authentication": "@parameters('$authentication')"
                      }
                    }
                  },
                  "runAfter": {},
                  "metadata": {
                    "operationMetadataId": "8b254cf9-7a97-4431-bc95-20f77dcc191d"
                  },
                  "type": "Scope"
                },
                "Catch_9": {
                  "actions": {
                    "Condition_9": {
                      "actions": {
                        "Append_to_array_variable_9": {
                          "runAfter": {},
                          "metadata": {
                            "operationMetadataId": "9af71308-a44e-4a96-b044-0cad60b7feac"
                          },
                          "type": "AppendToArrayVariable",
                          "inputs": {
                            "name": "VarPessoasInativas",
                            "value": "@items('For_Each_')?['crc69_respons_x00e1_velti']"
                          }
                        },
                        "Create_item_17": {
                          "runAfter": {
                            "Append_to_array_variable_9": [
                              "Succeeded"
                            ]
                          },
                          "metadata": {
                            "operationMetadataId": "6da93b6c-12c2-4b63-aef8-05acf3867150"
                          },
                          "type": "OpenApiConnection",
                          "inputs": {
                            "host": {
                              "connectionName": "shared_sharepointonline",
                              "operationId": "PostItem",
                              "apiId": "/providers/Microsoft.PowerApps/apis/shared_sharepointonline"
                            },
                            "parameters": {
                              "dataset": "https://prysmiangroup.sharepoint.com/sites/applications_la/PROD/catalog",
                              "table": "261698b1-6286-402d-bf54-c7c622bafd4a",
                              "item/Email": "@items('For_Each_')?['crc69_respons_x00e1_velti']",
                              "item/Responsabilidade": "IT Referent"
                            },
                            "authentication": "@parameters('$authentication')"
                          }
                        },
                        "Compose_4": {
                          "runAfter": {
                            "Create_item_17": [
                              "Succeeded"
                            ]
                          },
                          "metadata": {
                            "operationMetadataId": "0c936708-7381-4ac0-a4f0-289ab8d9d8b8"
                          },
                          "type": "Compose",
                          "inputs": {
                            "PessoasVerificadas": "@variables('varListaPessoas')",
                            "PessoasInativas": "@variables('varPessoasInativas')"
                          }
                        }
                      },
                      "runAfter": {},
                      "expression": {
                        "not": {
                          "contains": [
                            "@variables('VarPessoasInativas')",
                            "@items('For_Each_')?['crc69_respons_x00e1_velti']"
                          ]
                        }
                      },
                      "metadata": {
                        "operationMetadataId": "dcb19f7c-a81f-49db-a9bc-73c2cb159a10"
                      },
                      "type": "If"
                    }
                  },
                  "runAfter": {
                    "Try_9": [
                      "TimedOut",
                      "Failed",
                      "Skipped"
                    ]
                  },
                  "metadata": {
                    "operationMetadataId": "d582d4da-e1f4-41ae-b8f0-58979cf55792"
                  },
                  "type": "Scope"
                }
              },
              "runAfter": {
                "If_DigitalChampion": [
                  "Succeeded"
                ]
              },
              "expression": {
                "not": {
                  "contains": [
                    "@variables('varListaPessoas')",
                    "@items('For_Each_')?['crc69_respons_x00e1_velti']"
                  ]
                }
              },
              "metadata": {
                "operationMetadataId": "b14d6c8d-896d-486d-9f39-406bee867c99"
              },
              "type": "If"
            },
            "If_IT_Referent_Backup": {
              "actions": {
                "Try_10": {
                  "actions": {
                    "Create_item_18": {
                      "runAfter": {},
                      "metadata": {
                        "operationMetadataId": "e0d29abe-66ec-4ccc-a75e-0a0495dc14d3"
                      },
                      "type": "OpenApiConnection",
                      "inputs": {
                        "host": {
                          "connectionName": "shared_sharepointonline",
                          "operationId": "PostItem",
                          "apiId": "/providers/Microsoft.PowerApps/apis/shared_sharepointonline"
                        },
                        "parameters": {
                          "dataset": "https://prysmiangroup.sharepoint.com/sites/applications_la/PROD/catalog",
                          "table": "261698b1-6286-402d-bf54-c7c622bafd4a",
                          "item/User/Claims": "@items('For_Each_')?['crc69_respons_x00e1_velti_x0028_backup']"
                        },
                        "authentication": "@parameters('$authentication')"
                      }
                    }
                  },
                  "runAfter": {},
                  "metadata": {
                    "operationMetadataId": "8b254cf9-7a97-4431-bc95-20f77dcc191d"
                  },
                  "type": "Scope"
                },
                "Catch_10": {
                  "actions": {
                    "Condition_10": {
                      "actions": {
                        "Append_to_array_variable_10": {
                          "runAfter": {},
                          "metadata": {
                            "operationMetadataId": "9af71308-a44e-4a96-b044-0cad60b7feac"
                          },
                          "type": "AppendToArrayVariable",
                          "inputs": {
                            "name": "VarPessoasInativas",
                            "value": "@items('For_Each_')?['crc69_respons_x00e1_velti_x0028_backup']"
                          }
                        },
                        "Create_item_19": {
                          "runAfter": {
                            "Append_to_array_variable_10": [
                              "Succeeded"
                            ]
                          },
                          "metadata": {
                            "operationMetadataId": "6da93b6c-12c2-4b63-aef8-05acf3867150"
                          },
                          "type": "OpenApiConnection",
                          "inputs": {
                            "host": {
                              "connectionName": "shared_sharepointonline",
                              "operationId": "PostItem",
                              "apiId": "/providers/Microsoft.PowerApps/apis/shared_sharepointonline"
                            },
                            "parameters": {
                              "dataset": "https://prysmiangroup.sharepoint.com/sites/applications_la/PROD/catalog",
                              "table": "261698b1-6286-402d-bf54-c7c622bafd4a",
                              "item/Email": "@items('For_Each_')?['crc69_respons_x00e1_velti_x0028_backup']",
                              "item/Responsabilidade": "IT Refent Backup"
                            },
                            "authentication": "@parameters('$authentication')"
                          }
                        },
                        "Compose_5": {
                          "runAfter": {
                            "Create_item_19": [
                              "Succeeded"
                            ]
                          },
                          "metadata": {
                            "operationMetadataId": "0c936708-7381-4ac0-a4f0-289ab8d9d8b8"
                          },
                          "type": "Compose",
                          "inputs": {
                            "PessoasVerificadas": "@variables('varListaPessoas')",
                            "PessoasInativas": "@variables('varPessoasInativas')"
                          }
                        }
                      },
                      "runAfter": {},
                      "expression": {
                        "not": {
                          "contains": [
                            "@variables('VarPessoasInativas')",
                            "@items('For_Each_')?['crc69_respons_x00e1_velti_x0028_backup']"
                          ]
                        }
                      },
                      "metadata": {
                        "operationMetadataId": "dcb19f7c-a81f-49db-a9bc-73c2cb159a10"
                      },
                      "type": "If"
                    }
                  },
                  "runAfter": {
                    "Try_10": [
                      "TimedOut",
                      "Failed",
                      "Skipped"
                    ]
                  },
                  "metadata": {
                    "operationMetadataId": "d582d4da-e1f4-41ae-b8f0-58979cf55792"
                  },
                  "type": "Scope"
                }
              },
              "runAfter": {
                "If_IT_Referent_": [
                  "Succeeded"
                ]
              },
              "expression": {
                "not": {
                  "contains": [
                    "@variables('varListaPessoas')",
                    "@items('For_Each_')?['crc69_respons_x00e1_velti_x0028_backup']"
                  ]
                }
              },
              "metadata": {
                "operationMetadataId": "b14d6c8d-896d-486d-9f39-406bee867c99"
              },
              "type": "If"
            }
          },
          "runAfter": {
            "Variavel_Pessoas_Inativas": [
              "Succeeded"
            ]
          },
          "metadata": {
            "operationMetadataId": "5b66b54e-a644-48cb-87b5-360ad9cab6f1"
          },
          "type": "Foreach"
        },
        "Compose_1": {
          "runAfter": {
            "For_Each_": [
              "Succeeded"
            ]
          },
          "metadata": {
            "operationMetadataId": "8e1a0e1e-b413-42b8-944e-7ea8c75fea06"
          },
          "type": "Compose",
          "inputs": "@{variables('varListaPessoas')}@{variables('VarPessoasInativas')}"
        },
        "List_rows": {
          "runAfter": {},
          "metadata": {
            "operationMetadataId": "b19026a1-7450-47a5-86ee-b2d493309d5e"
          },
          "type": "OpenApiConnection",
          "inputs": {
            "host": {
              "connectionName": "shared_commondataserviceforapps",
              "operationId": "ListRecords",
              "apiId": "/providers/Microsoft.PowerApps/apis/shared_commondataserviceforapps"
            },
            "parameters": {
              "entityName": "crc69_systemsresponsiblescatalogs",
              "$orderby": "createdon desc"
            },
            "authentication": "@parameters('$authentication')"
          }
        },
        "Get_items": {
          "runAfter": {
            "List_rows": [
              "Succeeded"
            ]
          },
          "metadata": {
            "operationMetadataId": "838e998e-ecd5-47ee-bcb9-3516c5fdf7c3"
          },
          "type": "OpenApiConnection",
          "inputs": {
            "host": {
              "connectionName": "shared_sharepointonline",
              "operationId": "GetItems",
              "apiId": "/providers/Microsoft.PowerApps/apis/shared_sharepointonline"
            },
            "parameters": {
              "dataset": "https://prysmiangroup.sharepoint.com/sites/applications_la/PROD/catalog",
              "table": "261698b1-6286-402d-bf54-c7c622bafd4a"
            },
            "authentication": "@parameters('$authentication')"
          }
        }
      }
    },
    "templateName": ""
  },
  "schemaVersion": "1.0.0.0"
}