{
  "properties": {
    "connectionReferences": {
      "shared_sharepointonline": {
        "runtimeSource": "embedded",
        "connection": {
          "connectionReferenceLogicalName": "crc69_sharedsharepointonline_d9728"
        },
        "api": {
          "name": "shared_sharepointonline"
        }
      }
    },
    "definition": {
      "$schema": "https://schema.management.azure.com/providers/Microsoft.Logic/schemas/2016-06-01/workflowdefinition.json#",
      "contentVersion": "1.0.0.0",
      "parameters": {
        "$connections": {
          "defaultValue": {},
          "type": "Object"
        },
        "$authentication": {
          "defaultValue": {},
          "type": "SecureObject"
        }
      },
      "triggers": {
        "Recurrence": {
          "recurrence": {
            "frequency": "Week",
            "interval": 1,
            "startTime": "2025-05-26T01:00:00Z",
            "schedule": {
              "weekDays": [
                "Sunday"
              ]
            }
          },
          "metadata": {
            "operationMetadataId": "87ebef3b-7d7e-4a6f-8e90-44b7f5f1927d"
          },
          "type": "Recurrence"
        }
      },
      "actions": {
        "Obter_itens": {
          "runAfter": {},
          "metadata": {
            "operationMetadataId": "29774d41-238e-42f8-b0bf-f45a97804c6d"
          },
          "type": "OpenApiConnection",
          "inputs": {
            "host": {
              "connectionName": "shared_sharepointonline",
              "operationId": "GetItems",
              "apiId": "/providers/Microsoft.PowerApps/apis/shared_sharepointonline"
            },
            "parameters": {
              "dataset": "https://prysmiangroup.sharepoint.com/sites/applications_la/PROD/catalog",
              "table": "261698b1-6286-402d-bf54-c7c622bafd4a"
            },
            "authentication": "@parameters('$authentication')"
          },
          "runtimeConfiguration": {
            "paginationPolicy": {
              "minimumItemCount": 5000
            }
          }
        },
        "Aplicar_a_cada": {
          "foreach": "@outputs('Obter_itens')?['body/value']",
          "actions": {
            "Excluir_item": {
              "runAfter": {},
              "metadata": {
                "operationMetadataId": "402a9bfb-5355-4746-a037-6d2826050ad2"
              },
              "type": "OpenApiConnection",
              "inputs": {
                "host": {
                  "connectionName": "shared_sharepointonline",
                  "operationId": "DeleteItem",
                  "apiId": "/providers/Microsoft.PowerApps/apis/shared_sharepointonline"
                },
                "parameters": {
                  "dataset": "https://prysmiangroup.sharepoint.com/sites/applications_la/PROD/catalog",
                  "table": "261698b1-6286-402d-bf54-c7c622bafd4a",
                  "id": "@items('Aplicar_a_cada')?['ID']"
                },
                "authentication": "@parameters('$authentication')"
              }
            }
          },
          "runAfter": {
            "Obter_itens": [
              "Succeeded"
            ]
          },
          "metadata": {
            "operationMetadataId": "15590678-0641-44c1-afec-bbd9c9d9e53d"
          },
          "type": "Foreach"
        }
      }
    },
    "templateName": ""
  },
  "schemaVersion": "1.0.0.0"
}