{
  "properties": {
    "connectionReferences": {
      "shared_commondataserviceforapps": {
        "runtimeSource": "embedded",
        "connection": {
          "connectionReferenceLogicalName": "crc69_sharedcommondataserviceforapps_5bf55"
        },
        "api": {
          "name": "shared_commondataserviceforapps"
        }
      }
    },
    "definition": {
      "$schema": "https://schema.management.azure.com/providers/Microsoft.Logic/schemas/2016-06-01/workflowdefinition.json#",
      "contentVersion": "1.0.0.0",
      "parameters": {
        "$connections": {
          "defaultValue": {},
          "type": "Object"
        },
        "$authentication": {
          "defaultValue": {},
          "type": "SecureObject"
        }
      },
      "triggers": {
        "manual": {
          "metadata": {
            "operationMetadataId": "dc2d5b86-99e4-45fa-89a5-5f8784e9c3dd"
          },
          "type": "Request",
          "kind": "PowerAppV2",
          "inputs": {
            "schema": {
              "type": "object",
              "properties": {},
              "required": []
            }
          }
        }
      },
      "actions": {
        "List_rows": {
          "runAfter": {
            "Initialize_variable": [
              "Succeeded"
            ]
          },
          "metadata": {
            "operationMetadataId": "321ed443-e01b-4d18-b0a6-e6a9bebf788e"
          },
          "type": "OpenApiConnection",
          "inputs": {
            "host": {
              "connectionName": "shared_commondataserviceforapps",
              "operationId": "ListRecords",
              "apiId": "/providers/Microsoft.PowerApps/apis/shared_commondataserviceforapps"
            },
            "parameters": {
              "entityName": "crc69_systemsresponsiblescatalogs"
            },
            "authentication": "@parameters('$authentication')"
          }
        },
        "Initialize_variable": {
          "runAfter": {},
          "metadata": {
            "operationMetadataId": "f4048399-6139-46cc-b99e-3fffdafcdde7"
          },
          "type": "InitializeVariable",
          "inputs": {
            "variables": [
              {
                "name": "Data",
                "type": "array"
              }
            ]
          }
        },
        "Select": {
          "runAfter": {
            "List_rows": [
              "Succeeded"
            ]
          },
          "metadata": {
            "operationMetadataId": "fdb3a237-2b27-4601-bb38-70dab293636e"
          },
          "type": "Select",
          "inputs": {
            "from": "@outputs('List_rows')?['body/value']",
            "select": {
              "IT Referent": "@item()?['crc69_respons_x00e1_velti']",
              "Application Name": "@item()?['crc69_sigla']",
              "Application Owner": "@item()?['crc69_respons_x00e1_velpeloprocesso']",
              "It Referent Backup": "@item()?['crc69_respons_x00e1_velti_x0028_backup']",
              "AccessApprover": "@item()?['crc69_authorizationowner']",
              "DigitalChampion": "@item()?['crc69_keyuser']",
              "IsInative": "@item()?['crc69_isinative']"
            }
          }
        },
        "Compose": {
          "runAfter": {
            "Select": [
              "Succeeded"
            ]
          },
          "metadata": {
            "operationMetadataId": "a4fe4247-73e6-42c4-a1e8-c8ceb1e08777"
          },
          "type": "Compose",
          "inputs": "@body('Select')"
        },
        "Respond_to_a_Power_App_or_flow": {
          "runAfter": {
            "Compose": [
              "Succeeded"
            ]
          },
          "metadata": {
            "operationMetadataId": "32275816-a642-4cdf-85fd-4937b074cea6"
          },
          "type": "Response",
          "kind": "PowerApp",
          "inputs": {
            "statusCode": 200,
            "body": {
              "data": "@{body('Select')}"
            },
            "schema": {
              "type": "object",
              "properties": {
                "data": {
                  "title": "Data",
                  "x-ms-dynamically-added": true,
                  "type": "string"
                }
              }
            }
          }
        }
      }
    },
    "templateName": ""
  },
  "schemaVersion": "1.0.0.0"
}