{
  "properties": {
    "connectionReferences": {
      "shared_sharepointonline": {
        "api": {
          "name": "shared_sharepointonline"
        },
        "connection": {
          "connectionReferenceLogicalName": "crc69_sharedsharepointonline_d9728"
        },
        "runtimeSource": "embedded"
      },
      "shared_commondataserviceforapps": {
        "api": {
          "name": "shared_commondataserviceforapps"
        },
        "connection": {
          "connectionReferenceLogicalName": "crc69_sharedcommondataserviceforapps_5bf55"
        },
        "runtimeSource": "embedded"
      },
      "shared_teams-1": {
        "api": {
          "name": "shared_teams"
        },
        "connection": {
          "connectionReferenceLogicalName": "new_sharedteams_41d11"
        },
        "runtimeSource": "embedded"
      }
    },
    "definition": {
      "$schema": "https://schema.management.azure.com/providers/Microsoft.Logic/schemas/2016-06-01/workflowdefinition.json#",
      "contentVersion": "1.0.0.0",
      "parameters": {
        "$authentication": {
          "defaultValue": {},
          "type": "SecureObject"
        },
        "$connections": {
          "defaultValue": {},
          "type": "Object"
        }
      },
      "triggers": {
        "Recurrence": {
          "type": "Recurrence",
          "recurrence": {
            "frequency": "Week",
            "interval": 1,
            "startTime": "2025-04-21T10:45:00Z",
            "schedule": {
              "weekDays": [
                "Sunday",
                "Monday"
              ]
            }
          },
          "metadata": {
            "operationMetadataId": "c55be2af-66d7-46af-92cc-7d7560e276dc"
          }
        }
      },
      "actions": {
        "Get_items": {
          "type": "OpenApiConnection",
          "inputs": {
            "parameters": {
              "dataset": "https://prysmiangroup.sharepoint.com/sites/applications_la/PROD/catalog",
              "table": "5cbec578-d354-4e27-9819-bda814e52b3a",
              "$filter": "Email ne null"
            },
            "host": {
              "apiId": "/providers/Microsoft.PowerApps/apis/shared_sharepointonline",
              "operationId": "GetItems",
              "connectionName": "shared_sharepointonline"
            }
          },
          "runAfter": {},
          "metadata": {
            "operationMetadataId": "face0244-b52a-458d-aad7-913e06fb7777"
          }
        },
        "Apply_to_each": {
          "type": "Foreach",
          "foreach": "@outputs('Get_items')?['body/value']",
          "actions": {
            "Condition": {
              "type": "If",
              "expression": {
                "equals": [
                  "@or(\r\n  and(\r\n    not(empty(item()?['crc69_authorizationowner'])),\r\n    contains(item()?['crc69_authorizationowner'], items('Apply_to_each')?['Email'])\r\n  ),\r\n  and(\r\n    not(empty(item()?['crc69_respons_x00e1_velpeloprocesso'])),\r\n    contains(item()?['crc69_respons_x00e1_velpeloprocesso'], items('Apply_to_each')?['Email'])\r\n  ),\r\n  and(\r\n    not(empty(item()?['crc69_keyuser'])),\r\n    contains(item()?['crc69_keyuser'], items('Apply_to_each')?['Email'])\r\n  ),\r\n  and(\r\n    not(empty(item()?['crc69_respons_x00e1_velti'])),\r\n    contains(item()?['crc69_respons_x00e1_velti'], items('Apply_to_each')?['Email'])\r\n  ),\r\n  and(\r\n    not(empty(item()?['crc69_respons_x00e1_velti_x0028_backup'])),\r\n    contains(item()?['crc69_respons_x00e1_velti_x0028_backup'], items('Apply_to_each')?['Email'])\r\n  )\r\n)",
                  true
                ]
              },
              "actions": {
                "Apply_to_each_2": {
                  "type": "Foreach",
                  "foreach": "@outputs('List_rows')?['body/value']",
                  "actions": {
                    "Append_to_string_variable": {
                      "type": "AppendToStringVariable",
                      "inputs": {
                        "name": "varTIMessageBody",
                        "value": "<tr>\n<td>@{items('Apply_to_each')?['User']}</td>\n<td>@{items('Apply_to_each')?['Email']}</td>\n<td>@{items('Apply_to_each_2')?['crc69_dire_x00e7__x00e3_o']}</td>\n<td>@{items('Apply_to_each_2')?['crc69_sigla']}</td>\n<td>@{items('Apply_to_each_2')?['crc69_title']}</td>\n<td>@{items('Apply_to_each_2')?['crc69_solicitaracesso']}</td>\n<td>@{items('Apply_to_each_2')?['crc69_grupo']}</td>\n</tr>"
                      },
                      "metadata": {
                        "operationMetadataId": "f427f5bc-e1d3-4a17-97a4-d8b2a78854e3"
                      }
                    }
                  },
                  "metadata": {
                    "operationMetadataId": "fea3c3ea-4209-4230-99de-5c5e3f9b011d"
                  }
                },
                "Append_to_string_variable_1": {
                  "type": "AppendToStringVariable",
                  "inputs": {
                    "name": "varTIMessageBody",
                    "value": "</table>"
                  },
                  "runAfter": {
                    "Apply_to_each_2": [
                      "Succeeded"
                    ]
                  },
                  "metadata": {
                    "operationMetadataId": "8f0a12a4-77fa-4e8b-bcdc-ce545aa2c8a0"
                  }
                }
              },
              "else": {
                "actions": {}
              },
              "metadata": {
                "operationMetadataId": "73281c4a-f458-40ef-bdcf-54bb8761678c"
              }
            },
            "Compose": {
              "type": "Compose",
              "inputs": "outputs('Compose')",
              "runAfter": {
                "Condition": [
                  "Succeeded"
                ]
              },
              "metadata": {
                "operationMetadataId": "62feaa65-d5b2-40fd-b1a2-1f477951b6ee"
              }
            },
            "Post_message_in_a_chat_or_channel": {
              "type": "OpenApiConnection",
              "inputs": {
                "parameters": {
                  "poster": "Flow bot",
                  "location": "Channel",
                  "body/recipient/groupId": "f1c4b7b9-704d-4b64-b923-c8effba2889c",
                  "body/recipient/channelId": "19:c3a6a420de564a6c9e8de7713a15e0f2@thread.tacv2",
                  "body/messageBody": "<p class=\"editor-paragraph\">@{variables('varTIMessageBody')}</p>"
                },
                "host": {
                  "apiId": "/providers/Microsoft.PowerApps/apis/shared_teams",
                  "operationId": "PostMessageToConversation",
                  "connectionName": "shared_teams-1"
                }
              },
              "runAfter": {
                "Compose": [
                  "Succeeded"
                ]
              },
              "metadata": {
                "operationMetadataId": "6f400549-326a-41ee-a103-666ec2a6f3c8"
              }
            }
          },
          "runAfter": {
            "List_rows": [
              "SUCCEEDED"
            ]
          },
          "metadata": {
            "operationMetadataId": "a1d7a5fe-66db-4a8e-8ba4-36f0eb863fda"
          }
        },
        "Set_variable": {
          "type": "SetVariable",
          "inputs": {
            "name": "varTIMessageBody",
            "value": "<p><strong>Prezados,</strong></p>\n<p>Segue abaixo o levantamento de usuários inativos e os sistemas aos quais estavam associados:</p>\n\n<table border=\"1\" cellpadding=\"5\" cellspacing=\"0\" style=\"border-collapse: collapse;\">\n  <thead>\n    <tr style=\"background-color:#f2f2f2;\">\n      <th>Nome</th>\n      <th>Departamento</th>\n      <th>Sistema</th>\n      <th>Descrição</th>\n      <th>Link</th>\n      <th>Dono</th>\n    </tr>"
          },
          "runAfter": {
            "Initialize_variable": [
              "SUCCEEDED"
            ]
          }
        },
        "Initialize_variable": {
          "type": "InitializeVariable",
          "inputs": {
            "variables": [
              {
                "name": "varTIMessageBody",
                "type": "string"
              }
            ]
          },
          "runAfter": {
            "Get_items": [
              "Succeeded"
            ]
          },
          "metadata": {
            "operationMetadataId": "3bb8373d-959a-465b-b1ea-c06ec285dfdd"
          }
        },
        "List_rows": {
          "type": "OpenApiConnection",
          "inputs": {
            "parameters": {
              "entityName": "crc69_systemsresponsiblescatalogs",
              "$select": "crc69_authorizationowner,crc69_keyuser,crc69_respons_x00e1_velpeloprocesso,\ncrc69_respons_x00e1_velti,crc69_respons_x00e1_velti_x0028_backup,\ncrc69_title,crc69_dire_x00e7__x00e3_o,crc69_sigla,crc69_solicitaracesso,crc69_grupo",
              "$filter": "crc69_isinative eq true and crc69_foinotificadoti eq false",
              "$orderby": "createdon desc"
            },
            "host": {
              "apiId": "/providers/Microsoft.PowerApps/apis/shared_commondataserviceforapps",
              "operationId": "ListRecords",
              "connectionName": "shared_commondataserviceforapps"
            }
          },
          "runAfter": {
            "Set_variable": [
              "Succeeded"
            ]
          },
          "metadata": {
            "operationMetadataId": "bab5ae91-3ca9-463a-b2ec-0cd1f6562a7e"
          }
        }
      }
    },
    "templateName": null
  },
  "schemaVersion": "1.0.0.0"
}