{
  "properties": {
    "connectionReferences": {
      "shared_sharepointonline": {
        "runtimeSource": "invoker",
        "connection": {
          "connectionReferenceLogicalName": "crc69_sharedsharepointonline_0ea3c"
        },
        "api": {
          "name": "shared_sharepointonline"
        }
      },
      "shared_commondataserviceforapps": {
        "runtimeSource": "embedded",
        "connection": {
          "connectionReferenceLogicalName": "crc69_sharedcommondataserviceforapps_7d25b"
        },
        "api": {
          "name": "shared_commondataserviceforapps"
        }
      }
    },
    "definition": {
      "$schema": "https://schema.management.azure.com/providers/Microsoft.Logic/schemas/2016-06-01/workflowdefinition.json#",
      "contentVersion": "1.0.0.0",
      "parameters": {
        "$connections": {
          "defaultValue": {},
          "type": "Object"
        },
        "$authentication": {
          "defaultValue": {},
          "type": "SecureObject"
        }
      },
      "triggers": {
        "manual": {
          "metadata": {
            "operationMetadataId": "91b920d2-0c33-4cec-b8fa-d6f3ce72724f"
          },
          "type": "Request",
          "kind": "Button",
          "inputs": {
            "schema": {
              "type": "object",
              "properties": {},
              "required": []
            }
          }
        }
      },
      "actions": {
        "Get_items": {
          "runAfter": {
            "Initialize_variable": [
              "Succeeded"
            ]
          },
          "metadata": {
            "operationMetadataId": "1d16b625-fa1e-4e50-a4a5-cc69c22c9960"
          },
          "type": "OpenApiConnection",
          "inputs": {
            "host": {
              "connectionName": "shared_sharepointonline",
              "operationId": "GetItems",
              "apiId": "/providers/Microsoft.PowerApps/apis/shared_sharepointonline"
            },
            "parameters": {
              "dataset": "https://prysmiangroup.sharepoint.com/sites/applications_la/PROD/catalog",
              "table": "279f841a-6262-4a11-8074-70591b5d41a6"
            },
            "authentication": {
              "type": "Raw",
              "value": "@json(decodeBase64(triggerOutputs().headers['X-MS-APIM-Tokens']))['$ConnectionKey']"
            }
          },
          "runtimeConfiguration": {
            "paginationPolicy": {
              "minimumItemCount": 385
            }
          }
        },
        "Apply_to_each": {
          "foreach": "@outputs('Get_items')?['body/value']",
          "actions": {
            "Apply_to_each_2": {
              "foreach": "@items('Apply_to_each')?['TesteCountry']",
              "actions": {
                "Append_to_array_variable": {
                  "runAfter": {},
                  "metadata": {
                    "operationMetadataId": "3d3d8180-80e4-4925-82ff-76db684334ee"
                  },
                  "type": "AppendToArrayVariable",
                  "inputs": {
                    "name": "Country",
                    "value": "@items('Apply_to_each_2')?['ID']"
                  }
                }
              },
              "runAfter": {},
              "metadata": {
                "operationMetadataId": "faa546a0-5391-4c29-9962-d67f23e3c90f"
              },
              "type": "Foreach"
            },
            "Compose": {
              "runAfter": {
                "Apply_to_each_2": [
                  "Succeeded"
                ]
              },
              "metadata": {
                "operationMetadataId": "7c6dcb62-0239-4743-816a-4758cce31901"
              },
              "type": "Compose",
              "inputs": "@variables('Country')"
            },
            "Set_variable": {
              "runAfter": {
                "Add_a_new_row": [
                  "Succeeded"
                ]
              },
              "metadata": {
                "operationMetadataId": "c2761034-f29d-467f-9389-d2db136d4e63"
              },
              "type": "SetVariable",
              "inputs": {
                "name": "Country",
                "value": []
              }
            },
            "Add_a_new_row": {
              "runAfter": {
                "Compose": [
                  "Succeeded"
                ]
              },
              "metadata": {
                "operationMetadataId": "95da4b6c-eff4-429d-9f42-a19a45b9e509"
              },
              "type": "OpenApiConnection",
              "inputs": {
                "host": {
                  "connectionName": "shared_commondataserviceforapps",
                  "operationId": "CreateRecord",
                  "apiId": "/providers/Microsoft.PowerApps/apis/shared_commondataserviceforapps"
                },
                "parameters": {
                  "entityName": "crc69_systemsresponsiblescatalogs",
                  "item/crc69_tipodeaplica_x00e7__x00e3_o": "@items('Apply_to_each')?['Tipodeaplica_x00e7__x00e3_o']?['ID']",
                  "item/crc69_dire_x00e7__x00e3_o": "@items('Apply_to_each')?['Dire_x00e7__x00e3_o/ID']",
                  "item/crc69_authorizationowner": "@items('Apply_to_each')?['AuthorizationOwner']?['Email']",
                  "item/crc69_solicitaracesso": "@items('Apply_to_each')?['Solicitaracesso']",
                  "item/crc69_respons_x00e1_velpeloprocesso": "@items('Apply_to_each')?['Respons_x00e1_velpeloprocesso']?['Email']",
                  "item/crc69_testecountry": "@join(variables('Country'), ',')",
                  "item/crc69_title": "@substring(items('Apply_to_each')?['Title'], 0, min(length(items('Apply_to_each')?['Title']), 100))",
                  "item/crc69_keyuser": "@items('Apply_to_each')?['KeyUser']?['Email']",
                  "item/crc69_isinative": "@items('Apply_to_each')?['IsInative']",
                  "item/crc69_respons_x00e1_velti": "@items('Apply_to_each')?['Respons_x00e1_velTI']?['Email']",
                  "item/crc69_respons_x00e1_velti_x0028_backup": "@items('Apply_to_each')?['Respons_x00e1_velTI_x0028_backup']?['Email']",
                  "item/crc69_knownname": "@items('Apply_to_each')?['KnownName']",
                  "item/crc69_suporte": "@items('Apply_to_each')?['Suporte']",
                  "item/crc69_propriet_x00e1_rio": "@items('Apply_to_each')?['Propriet_x00e1_rio']?['Email']",
                  "item/crc69_acessor_x00e1_pido": "@items('Apply_to_each')?['Acessor_x00e1_pido']",
                  "item/crc69_regionaldigitalchampion": "@items('Apply_to_each')?['RegionalDigitalChampion']?['Email']",
                  "item/crc69_pesquisa": "@items('Apply_to_each')?['Pesquisa']",
                  "item/crc69_sigla": "@items('Apply_to_each')?['Sigla']"
                },
                "authentication": {
                  "type": "Raw",
                  "value": "@json(decodeBase64(triggerOutputs().headers['X-MS-APIM-Tokens']))['$ConnectionKey']"
                }
              }
            }
          },
          "runAfter": {
            "Get_items": [
              "Succeeded"
            ]
          },
          "metadata": {
            "operationMetadataId": "96d80672-05aa-4df3-9f15-9db6306426e5"
          },
          "type": "Foreach"
        },
        "Initialize_variable": {
          "runAfter": {},
          "metadata": {
            "operationMetadataId": "5d17672f-7aad-4832-8f1b-eb42eb403fb7"
          },
          "type": "InitializeVariable",
          "inputs": {
            "variables": [
              {
                "name": "Country",
                "type": "array"
              }
            ]
          }
        }
      }
    },
    "templateName": ""
  },
  "schemaVersion": "1.0.0.0"
}